,count,mean,std,min,25%,50%,75%,max
hours_signup_to_kyc,2197.0,36.612174432329624,20.58030808158921,0.30137947333861115,18.232925403979166,36.942113251067504,54.38448481702195,71.99348666609473
hours_kyc_to_deposit,1268.0,49.10828255759927,27.543740114476677,0.15349800037333333,25.253520257731317,50.62701880876125,71.88703602021992,95.99138469823833
hours_deposit_to_trade,839.0,23.505829136897923,13.719470386541554,0.24987055598694446,11.920444085302638,23.302930854208054,35.39508445069805,47.94902728476528
